<?xml version="1.0" encoding="UTF-8"?>
<beans xmlns="http://www.springframework.org/schema/beans"
	xmlns:batch="http://www.springframework.org/schema/batch" 
	xmlns:util="http://www.springframework.org/schema/util"
	xmlns:context="http://www.springframework.org/schema/context"
	xmlns:xsi="http://www.w3.org/2001/XMLSchema-instance"
	xsi:schemaLocation="http://www.springframework.org/schema/batch 
		http://www.springframework.org/schema/batch/spring-batch-2.2.xsd
		http://www.springframework.org/schema/beans 
		http://www.springframework.org/schema/beans/spring-beans-3.2.xsd
		http://www.springframework.org/schema/util 
		http://www.springframework.org/schema/util/spring-util-3.2.xsd
		http://www.springframework.org/schema/context
		http://www.springframework.org/schema/context/spring-context-3.2.xsd">

    <!-- spring batch core settings -->
	<import resource="classpath:/beans/job-context.xml" />
	
	<!-- database settings -->
	<!--<import resource="classpath:/beans/database.xml" />-->
	
	<!-- sql settings -->
	<context:property-placeholder location="classpath:/properties/sql.properties" />
	

	<!-- partitioner job -->
	<job id="auditBatchJob" 
		xmlns="http://www.springframework.org/schema/batch">
	    <step id="auditDownstreamDataMasterStep">
	        <partition step="auditDownstreamDataStep" 
				partitioner="auditBatchPartitioner">
				<handler grid-size="1" 
					task-executor="taskExecutor"></handler>
			</partition>
	    </step>
		<listeners>
			<listener ref = "auditBatchJobListener"/>
		</listeners>	
	</job>
	
	
	<batch:step id="auditDownstreamDataStep">
		<tasklet>
			<chunk reader="auditDownstreamDataReader" 
			    writer="auditDownstreamDataWriter"
				   commit-interval="5" skip-limit="5">
				<skippable-exception-classes>
					<include class="java.lang.Exception" />
					<include class="com.project.audit.batch.exception.CustomException" />
				</skippable-exception-classes>
			</chunk>
			<listeners>
				<listener ref = "auditSystemStepListener"/>
			</listeners>
		</tasklet>
	</batch:step>
	
<!--<bean id="auditSystemStepListener"
		class="com.project.audit.batch.listener.AuditBatchStepListener"/>
	
	<bean id="auditBatchJobListener" class="com.project.audit.batch.listener.AuditBatchJobListener"/>
	
	<bean id="auditDownstreamDataWriter" class="com.project.audit.batch.writer.AuditDownstreamDataWriter"
		scope="step"></bean>
	
	<bean id="taskExecutor"
	    class="org.springframework.scheduling.concurrent.ThreadPoolTaskExecutor">
	    <property name="corePoolSize" value="10"/>
	    <property name="maxPoolSize" value="10"/>
	</bean>

	<bean id="auditBatchPartitioner" class="com.project.audit.batch.partitioner.AuditBatchPartitioner" 
		scope="step">
		<property name="stepExecution" value="#{stepExecution}"></property>
		<property name="totalCountQuery"
			value="${down.stream.total.count.query}"/>
		<property name="partitionerCountQuery"
			value="${down.stream.partitioner.count.query}"/>
	</bean>
	
	<bean id="auditDownstreamDataReader"
	    class="org.springframework.batch.item.database.JdbcPagingItemReader"
	    scope="step">
	    <property name="dataSource" ref="appDataSource" />
	    <property name="queryProvider">
	        <bean class="org.springframework.batch.item.database.support.SqlPagingQueryProviderFactoryBean">
	            <property name="dataSource" ref="appDataSource" />
	            <property name="selectClause" value="SELECT *" />
	            <property name="fromClause" value="FROM TRANSACTION_VIEW" />
	            <property name="whereClause" value="TRANSACTION_ID_PK &gt;=:min AND TRANSACTION_ID_PK &lt;=:max" />
	            <property name="sortKey" value="TRANSACTION_ID" />
	        </bean>
	    </property>
	    <property name="parameterValues">
	        <map>
	            <entry key="min" value="#{stepExecutionContext[MIN_TRANSACTION_ID]}" />
	            <entry key="max" value="#{stepExecutionContext[MAX_TRANSACTION_ID]}" />
	        </map>
	    </property>
	    <property name="pageSize" value="10" />
	    <property name="rowMapper">
	        <bean class="org.springframework.jdbc.core.BeanPropertyRowMapper">
	            <property name="mappedClass">
	                <value type="java.lang.Class">com.project.audit.batch.dao.entity.TransactionDownStreamMapping</value>
	            </property>
	        </bean>
	    </property>
	</bean> -->

</beans>