<beans xmlns="http://www.springframework.org/schema/beans"
	xmlns:jdbc="http://www.springframework.org/schema/jdbc" 
	xmlns:xsi="http://www.w3.org/2001/XMLSchema-instance"
	xsi:schemaLocation="http://www.springframework.org/schema/beans 
		http://www.springframework.org/schema/beans/spring-beans-3.2.xsd
		http://www.springframework.org/schema/jdbc 
		http://www.springframework.org/schema/jdbc/spring-jdbc-3.2.xsd">

    <!-- connect to database -->
	<bean id="dataSource"
		class="org.springframework.jdbc.datasource.DriverManagerDataSource">
		<property name="driverClassName" value="com.mysql.cj.jdbc.Driver" />
		<property name="url" value="jdbc:mysql://localhost:3306/transactiondb" />
		<property name="username" value="root" />
		<property name="password" value="SuryaDev001++" />
	</bean>

	<bean id="transactionManager" 	
		class="org.springframework.batch.support.transaction.ResourcelessTransactionManager" />
	
	<bean id="namedParameterJdbcTemplate" class="org.springframework.jdbc.core.namedparam.NamedParameterJdbcTemplate">
    	<constructor-arg ref="dataSource" />
	</bean>
	
</beans>