<?xml version="1.0" encoding="UTF-8"?>
<beans xmlns="http://www.springframework.org/schema/beans"
        xmlns:xsi="http://www.w3.org/2001/XMLSchema-instance"
        xmlns:p="http://www.springframework.org/schema/p"
        xmlns:batch="http://www.springframework.org/schema/batch"
        xmlns:context="http://www.springframework.org/schema/context"
        xmlns:util="http://www.springframework.org/schema/util"
        xmlns:jpa="http://www.springframework.org/schema/data/jpa"
        xmlns:tx="http://www.springframework.org/schema/tx"
        xsi:schemaLocation="http://www.springframework.org/schema/beans http://www.springframework.org/schema/beans/spring-beans.xsd
            http://www.springframework.org/schema/tx http://www.springframework.org/schema/tx/spring-tx.xsd
            http://www.springframework.org/schema/batch http://www.springframework.org/schema/batch/spring-batch.xsd
            http://www.springframework.org/schema/context http://www.springframework.org/schema/context/spring-context.xsd
            http://www.springframework.org/schema/data/jpa http://www.springframework.org/schema/data/jpa/spring-jpa.xsd
            http://www.springframework.org/schema/util http://www.springframework.org/schema/util/spring-util.xsd">

	<bean id="auditSystemStepListener"
		class="com.project.audit.batch.listener.AuditBatchStepListener"/>
	
	<bean id="auditBatchJobListener" class="com.project.audit.batch.listener.AuditBatchJobListener"/>
	
	<bean id="auditDownstreamDataWriter" class="com.project.audit.batch.writer.AuditDownstreamDataWriter"
		scope="step"></bean>
	
	<bean id="taskExecutor"
	    class="org.springframework.scheduling.concurrent.ThreadPoolTaskExecutor">
	    <property name="corePoolSize" value="10"/>
	    <property name="maxPoolSize" value="10"/>
	</bean>

	<bean id="auditBatchPartitioner" class="com.project.audit.batch.partitioner.AuditBatchPartitioner" 
		scope="step">
		<property name="stepExecution" value="#{stepExecution}"></property>
		<property name="totalCountQuery"
			value="${down.stream.total.count.query}"/>
		<property name="partitionerCountQuery"
			value="${down.stream.partitioner.count.query}"/>
	</bean>
	
	<bean id="auditDownstreamDataReader"
		class="com.project.audit.batch.reader.AuditDownstreamDataReader" scope="step">
		<property name="auditReader">
			<bean id="auditDownstreamDataReader"
			    class="org.springframework.batch.item.database.JdbcPagingItemReader"
			    scope="step">
			    <property name="dataSource" ref="appDataSource" />
			    <property name="queryProvider">
			        <bean class="org.springframework.batch.item.database.support.SqlPagingQueryProviderFactoryBean">
			            <property name="dataSource" ref="appDataSource" />
			            <property name="selectClause" value="SELECT *" />
			            <property name="fromClause" value="FROM TRANSACTION_VIEW" />
						<!--<property name="whereClause" value="TRANSACTION_ID_PK &gt;=:min AND TRANSACTION_ID_PK &lt;=:max" />-->
			            <property name="sortKey" value="TRANSACTION_ID" /> 
			        </bean>
			    </property>
			<!--<property name="parameterValues">
			        <map>
			            <entry key="min" value="#{stepExecutionContext[MIN_TRANSACTION_ID]}" />
			            <entry key="max" value="#{stepExecutionContext[MAX_TRANSACTION_ID]}" />
			        </map>
			    </property>-->
			    <property name="pageSize" value="1" />
			    <property name="rowMapper">
			        <bean id ="transactionMapper" 
			        	class="com.project.audit.batch.dao.entity.TransactionMapper">
			        </bean>
			    </property>
			</bean>
		</property>		
	</bean>		
</beans>
